Athlete Name,Sport,Team,Team_id
Jonas Hector,Soccer,FC Köln,48
Rafael Leão,Soccer,AC Milan,1
Theo Hernández,Soccer,AC Milan,1
Mike Maignan,Soccer,AC Milan,1
Sandro Tonali,Soccer,AC Milan,1
Ismaël Bennacer,Soccer,AC Milan,1
Zlatan Ibrahimović,Soccer,AC Milan,1
Christian Pulisic,Soccer,AC Milan,1
Yacine Adli,Soccer,AC Milan,1
Ruben Loftus‑Cheek,Soccer,AC Milan,1
Yunus Musah,Soccer,AC Milan,1
Fikayo Tomori,Soccer,AC Milan,1
Nicolás González,Soccer,ACF Fiorentina,3
Dominic Solanke,Soccer,AFC Bournemouth,4
Philip Billing,Soccer,AFC Bournemouth,4
Jefferson Lerma,Soccer,AFC Bournemouth,4
Ryan Christie,Soccer,AFC Bournemouth,4
Marcos Senesi,Soccer,AFC Bournemouth,4
Adam Smith,Soccer,AFC Bournemouth,4
Lewis Cook,Soccer,AFC Bournemouth,4
Jaidon Anthony,Soccer,AFC Bournemouth,4
Neto,Soccer,AFC Bournemouth,4
Lloyd Kelly,Soccer,AFC Bournemouth,4
Connor Roberts,Soccer,AFC Bournemouth,4
Dušan Tadić,Soccer,Ajax,6
Steven Bergwijn,Soccer,Ajax,6
Roberto Firmino,Soccer,Al Ahly,7
Édouard Mendy,Soccer,Al‑Ahli Saudi FC,8
Julian Draxler,Soccer,Al‑Ahli Saudi FC,8
Rachid Ghezzal,Soccer,Al‑Ain,9
Jordan Henderson,Soccer,Al‑Ettifaq,10
Rúben Neves,Soccer,Al‑Hilal,11
N’Golo Kanté,Soccer,Al‑Ittihad,12
Karim Benzema,Soccer,Al‑Ittihad,12
Cristiano Ronaldo,Soccer,Al‑Nassr,13
Sadio Mané,Soccer,Al‑Nassr,13
Julie Ertz,Soccer,Angel City FC,14
Amandine Henry,Soccer,Angel City FC,14
Midge Purce,Soccer,Angel City FC,14
Estelle Johnson,Soccer,Angel City FC,14
Savannah McCaskill,Soccer,Angel City FC,14
Alyssa Thompson,Soccer,Angel City FC,14
Aaron Ramsdale,Soccer,Arsenal,15
William Saliba,Soccer,Arsenal,15
Bukayo Saka,Soccer,Arsenal,15
Martin Ødegaard,Soccer,Arsenal,15
Gabriel Jesus,Soccer,Arsenal,15
Ben White,Soccer,Arsenal,15
Oleksandr Zinchenko,Soccer,Arsenal,15
Thomas Partey,Soccer,Arsenal,15
Granit Xhaka,Soccer,Arsenal,15
Jakub Kiwior,Soccer,Arsenal,15
Kai Havertz,Soccer,Arsenal,15
Martín Ødegaard,Soccer,Arsenal,15
David Raya,Soccer,Arsenal,15
Kieran Tierney,Soccer,Arsenal,15
Gabriel Martinelli,Soccer,Arsenal,15
Emile Smith Rowe,Soccer,Arsenal,15
Nicolas Pépé,Soccer,Arsenal,15
Vivianne Miedema,Soccer,Arsenal,15
Beth Mead,Soccer,Arsenal,15
Kim Little,Soccer,Arsenal,15
Alexandra Popp,Soccer,Arsenal,15
Caitlin Foord,Soccer,Arsenal,15
Victoria Pelova,Soccer,Arsenal,15
Frida Maanum,Soccer,Arsenal,15
Katie McCabe,Soccer,Arsenal,15
Lina Hurtig,Soccer,Arsenal,15
Takumi Minamino,Soccer,AS Monaco,17
Wissam Ben Yedder,Soccer,AS Monaco,17
Kevin Volland,Soccer,AS Monaco,17
Myron Boadu,Soccer,AS Monaco,17
Stephan El Shaarawy,Soccer,AS Roma,18
Ollie Watkins,Soccer,Aston Villa,19
Emiliano Martínez,Soccer,Aston Villa,19
Youri Tielemans,Soccer,Aston Villa,19
Boubacar Kamara,Soccer,Aston Villa,19
John McGinn,Soccer,Aston Villa,19
Douglas Luiz,Soccer,Aston Villa,19
Matty Cash,Soccer,Aston Villa,19
Philippe Coutinho,Soccer,Aston Villa,19
Leon Bailey,Soccer,Aston Villa,19
Lucas Digne,Soccer,Aston Villa,19
Emiliano Buendía,Soccer,Aston Villa,19
Rafael Toloi,Soccer,Atalanta,20
José Luis Palomino,Soccer,Atalanta,20
Ademola Lookman,Soccer,Atalanta,20
Ruslan Malinovskyi,Soccer,Atalanta,20
Unai Simón,Soccer,Athletic Bilbao,21
Jan Oblak,Soccer,Atlético Madrid,22
João Félix,Soccer,Atlético Madrid,22
Yannick Carrasco,Soccer,Atlético Madrid,22
Memphis Depay,Soccer,Atlético Madrid,22
Ángel Correa,Soccer,Atlético Madrid,22
Rodrigo De Paul,Soccer,Atlético Madrid,22
Marcos Llorente,Soccer,Atlético Madrid,22
Antoine Griezmann,Soccer,Atlético Madrid,22
Koke,Soccer,Atlético Madrid,22
Kosovare Asllani,Soccer,Atlético Madrid,22
Toni Duggan,Soccer,Atlético Madrid,22
Hulk,Soccer,Atlético Mineiro,23
Robert Lewandowski,Soccer,Barcelona,24
Frenkie de Jong,Soccer,Barcelona,24
Pedri,Soccer,Barcelona,24
Santiago Giménez,Soccer,Barcelona,24
Jules Koundé,Soccer,Barcelona,24
João Cancelo,Soccer,Barcelona,24
Magdalena Eriksson,Soccer,Barcelona,24
Lucy Bronze,Soccer,Barcelona,24
Fridolina Rolfö,Soccer,Barcelona,24
Keira Walsh,Soccer,Barcelona,24
Florian Wirtz,Soccer,Bayer 04 Leverkusen,25
Patrik Schick,Soccer,Bayer 04 Leverkusen,25
Piero Hincapié,Soccer,Bayer 04 Leverkusen,25
Edmond Tapsoba,Soccer,Bayer 04 Leverkusen,25
Moussa Diaby,Soccer,Bayer 04 Leverkusen,25
Axel Disasi,Soccer,Bayer 04 Leverkusen,25
Jonathan Tah,Soccer,Bayer 04 Leverkusen,25
Sardar Azmoun,Soccer,Bayer 04 Leverkusen,25
Manuel Neuer,Soccer,Bayern Munich,26
Thomas Müller,Soccer,Bayern Munich,26
Alphonso Davies,Soccer,Bayern Munich,26
Joshua Kimmich,Soccer,Bayern Munich,26
Leon Goretzka,Soccer,Bayern Munich,26
Leroy Sané,Soccer,Bayern Munich,26
Serge Gnabry,Soccer,Bayern Munich,26
Lucas Hernández,Soccer,Bayern Munich,26
Kingsley Coman,Soccer,Bayern Munich,26
Jamal Musiala,Soccer,Bayern Munich,26
Matthijs de Ligt,Soccer,Bayern Munich,26
Daley Blind,Soccer,Bayern Munich,26
Domagoj Vida,Soccer,Beşiktaş,28
Marko Arnautović,Soccer,Bologna,29
Marco Reus,Soccer,Borussia Dortmund,30
Mats Hummels,Soccer,Borussia Dortmund,30
Emre Can,Soccer,Borussia Dortmund,30
Raphaël Guerreiro,Soccer,Borussia Dortmund,30
Sébastien Haller,Soccer,Borussia Dortmund,30
Gregor Kobel,Soccer,Borussia Dortmund,30
Giovanni Reyna,Soccer,Borussia Dortmund,30
Youssoufa Moukoko,Soccer,Borussia Dortmund,30
Donyell Malen,Soccer,Borussia Dortmund,30
Maximilian Wöber,Soccer,Borussia Mönchengladbach,31
Bryan Mbeumo,Soccer,Brentford,32
Ivan Toney,Soccer,Brentford,32
Christian Nørgaard,Soccer,Brentford,32
Yoane Wissa,Soccer,Brentford,32
Kristoffer Ajer,Soccer,Brentford,32
Ethan Pinnock,Soccer,Brentford,32
Mathias Jensen,Soccer,Brentford,32
Vitaly Janelt,Soccer,Brentford,32
Pascal Groß,Soccer,Brighton & Hove Albion,34
James Milner,Soccer,Brighton & Hove Albion,34
Kaoru Mitoma,Soccer,Brighton & Hove Albion,34
Thiago Silva,Soccer,Chelsea FC,36
Reece James,Soccer,Chelsea FC,36
Enzo Fernández,Soccer,Chelsea FC,36
Raheem Sterling,Soccer,Chelsea FC,36
Moisés Caicedo,Soccer,Chelsea FC,36
Christopher Nkunku,Soccer,Chelsea FC,36
Levi Colwill,Soccer,Chelsea FC,36
Conor Gallagher,Soccer,Chelsea FC,36
Robert Sánchez,Soccer,Chelsea FC,36
Ben Chilwell,Soccer,Chelsea FC,36
Marc Cucurella,Soccer,Chelsea FC,36
Wesley Fofana,Soccer,Chelsea FC,36
Sam Kerr,Soccer,Chelsea FC,36
Sophie Ingle,Soccer,Chelsea FC,36
Fran Kirby,Soccer,Chelsea FC,36
Pernille Harder,Soccer,Chelsea FC,36
Ji So‑Yun,Soccer,Chelsea FC,36
Millie Bright,Soccer,Chelsea FC,36
Guro Reiten,Soccer,Chelsea FC,36
Erin Cuthbert,Soccer,Chelsea FC,36
Jessie Fleming,Soccer,Chelsea FC,36
Kadeisha Buchanan,Soccer,Chelsea FC,36
Lauren James,Soccer,Chelsea FC,36
Hayley Raso,Soccer,Chelsea FC,36
Mallory Swanson,Soccer,Chicago Red Stars,37
Alyssa Naeher,Soccer,Chicago Red Stars,37
Darlington Nagbe,Soccer,Columbus Crew,38
Gyasi Zardes,Soccer,Columbus Crew,38
Paulinho,Soccer,Corinthians,39
Eberechi Eze,Soccer,Crystal Palace,40
Christian Benteke,Soccer,D.C. United,41
Wu Lei,Soccer,Espanyol,42
Gil Dias,Soccer,Espanyol,42
Dominic Calvert-Lewin,Soccer,Everton FC,43
Amadou Onana,Soccer,Everton FC,43
Dele Alli,Soccer,Everton FC,43
James Tarkowski,Soccer,Everton FC,43
Jordan Pickford,Soccer,Everton FC,43
Seamus Coleman,Soccer,Everton FC,43
Abdoulaye Doucouré,Soccer,Everton FC,43
Ansu Fati,Soccer,FC Barcelona,44
Ousmane Dembélé,Soccer,FC Barcelona,44
Sergi Roberto,Soccer,FC Barcelona,44
Marc-André ter Stegen,Soccer,FC Barcelona,44
Frenkie de Jong,Soccer,FC Barcelona,44
João Cancelo,Soccer,FC Barcelona,44
Raphinha,Soccer,FC Barcelona,44
Ferran Torres,Soccer,FC Barcelona,44
Marcos Alonso,Soccer,FC Barcelona,44
Ilkay Gündogan,Soccer,FC Barcelona,44
Franck Kessié,Soccer,FC Barcelona,44
Alexia Putellas,Soccer,FC Barcelona,44
Caroline Graham Hansen,Soccer,FC Barcelona,44
Asisat Oshoala,Soccer,FC Barcelona,44
Ana‑Maria Crnogorčević,Soccer,FC Barcelona,44
Dayot Upamecano,Soccer,FC Bayern Munich,45
Luciano Acosta,Soccer,FC Cincinnati,46
Cucho Hernández,Soccer,FC Cincinnati,46
Jesús Ferreira,Soccer,FC Dallas,47
Pepe,Soccer,FC Porto,49
Jesús Corona,Soccer,FC Porto,49
Khouma Babacar,Soccer,FC Tokyo,50
Enner Valencia,Soccer,Fenerbahçe SK,51
Edin Džeko,Soccer,Fenerbahçe SK,51
Nikola Milenković,Soccer,Fiorentina,52
Gabriel Barbosa (“Gabigol”),Soccer,Flamengo,53
Everton Ribeiro,Soccer,Flamengo,53
Bruno Henrique,Soccer,Flamengo,53
Rodrigo Caio,Soccer,Flamengo,53
Aleksandar Mitrović,Soccer,Fulham FC,54
Andreas Pereira,Soccer,Fulham FC,54
Adama Traoré,Soccer,Fulham FC,54
João Palhinha,Soccer,Fulham FC,54
André Silva,Soccer,Fulham FC,54
Hakim Ziyech,Soccer,Galatasaray SK,55
Wilfried Zaha,Soccer,Galatasaray SK,55
Mauro Icardi,Soccer,Galatasaray SK,55
Dries Mertens,Soccer,Galatasaray SK,55
Mason Greenwood,Soccer,Getafe CF,56
Yangel Herrera,Soccer,Girona FC,57
Viktor Tsyhankov,Soccer,Girona FC,57
Tobin Heath,Soccer,Gotham FC,58
Sam Mewis,Soccer,Gotham FC,58
Christen Press,Soccer,Gotham FC,58
Darwin Machís,Soccer,Granada CF,59
Rachel Daly,Soccer,Houston Dash,60
Lionel Messi,Soccer,Inter Miami,61
Luis Suárez,Soccer,Inter Miami,61
Sergio Busquets,Soccer,Inter Miami,61
Jordi Alba,Soccer,Inter Miami,61
Lautaro Martínez,Soccer,Inter Milan,62
Nicolò Barella,Soccer,Inter Milan,62
Milan Škriniar,Soccer,Inter Milan,62
Marcelo Brozović,Soccer,Inter Milan,62
Romelu Lukaku,Soccer,Inter Milan,62
Marcus Thuram,Soccer,Inter Milan,62
Yann Sommer,Soccer,Inter Milan,62
Paulo Guerrero,Soccer,Internacional,63
Conor Chaplin,Soccer,Ipswich Town,64
Sam Morsy,Soccer,Ipswich Town,64
Dušan Vlahović,Soccer,Juventus,65
Federico Chiesa,Soccer,Juventus,65
Leonardo Bonucci,Soccer,Juventus,65
Paul Pogba,Soccer,Juventus,65
Ángel Di María,Soccer,Juventus,65
Weston McKennie,Soccer,Juventus,65
Federico Bernardeschi,Soccer,Juventus,65
Adrien Rabiot,Soccer,Juventus,65
Wojciech Szczęsny,Soccer,Juventus,65
Leandro Paredes,Soccer,Juventus,65
Lynn Williams,Soccer,Kansas City Current,66
Debinha,Soccer,Kansas City Current,66
Javier Hernández (“Chicharito”),Soccer,LA Galaxy,67
Douglas Costa,Soccer,LA Galaxy,67
Cristian Pavón,Soccer,LA Galaxy,67
Giorgio Chiellini,Soccer,LAFC,68
Carlos Vela,Soccer,LAFC,68
Ciro Immobile,Soccer,Lazio,69
Luis Alberto,Soccer,Lazio,69
Sergej Milinković‑Savić,Soccer,Lazio,69
Tyler Adams,Soccer,Leeds United,70
James Maddison,Soccer,Leicester City,71
Kelechi Iheanacho,Soccer,Leicester City,71
Çağlar Söyüncü,Soccer,Leicester City,71
Jamie Vardy,Soccer,Leicester City,71
Max Aarons,Soccer,Leicester City,71
Jonathan David,Soccer,Lille OSC,72
Mohamed Salah,Soccer,Liverpool FC,73
Virgil van Dijk,Soccer,Liverpool FC,73
Trent Alexander-Arnold,Soccer,Liverpool FC,73
Darwin Núñez,Soccer,Liverpool FC,73
Alexis Mac Allister,Soccer,Liverpool FC,73
Cody Gakpo,Soccer,Liverpool FC,73
Luis Díaz,Soccer,Liverpool FC,73
Dominik Szoboszlai,Soccer,Liverpool FC,73
Ibrahima Konaté,Soccer,Liverpool FC,73
Joel Matip,Soccer,Liverpool FC,73
Andrew Robertson,Soccer,Liverpool FC,73
Harvey Elliott,Soccer,Liverpool FC,73
Alisson Becker,Soccer,Liverpool FC,73
Joe Gomez,Soccer,Liverpool FC,73
Thiago Alcântara,Soccer,Liverpool FC,73
Konstantinos Tsimikas,Soccer,Liverpool FC,73
Diogo Jota,Soccer,Liverpool FC,73
Gareth Bale,Soccer,Los Angeles FC,74
Nicolás Tagliafico,Soccer,Lyon,75
Kevin De Bruyne,Soccer,Manchester City,76
Erling Haaland,Soccer,Manchester City,76
Phil Foden,Soccer,Manchester City,76
Bernardo Silva,Soccer,Manchester City,76
Riyad Mahrez,Soccer,Manchester City,76
Kyle Walker,Soccer,Manchester City,76
Rúben Dias,Soccer,Manchester City,76
Ederson,Soccer,Manchester City,76
Manuel Akanji,Soccer,Manchester City,76
Aymeric Laporte,Soccer,Manchester City,76
Mateo Kovačić,Soccer,Manchester City,76
Rodri,Soccer,Manchester City,76
Jack Grealish,Soccer,Manchester City,76
Joško Gvardiol,Soccer,Manchester City,76
John Stones,Soccer,Manchester City,76
Cole Palmer,Soccer,Manchester City,76
Lauren Hemp,Soccer,Manchester City,76
Chloe Kelly,Soccer,Manchester City,76
Julie Blakstad,Soccer,Manchester City,76
Christian Eriksen,Soccer,Manchester United,77
Bruno Fernandes,Soccer,Manchester United,77
Marcus Rashford,Soccer,Manchester United,77
Harry Maguire,Soccer,Manchester United,77
Lisandro Martínez,Soccer,Manchester United,77
Diogo Dalot,Soccer,Manchester United,77
Casemiro,Soccer,Manchester United,77
Antony,Soccer,Manchester United,77
Rasmus Højlund,Soccer,Manchester United,77
Sofyan Amrabat,Soccer,Manchester United,77
Mason Mount,Soccer,Manchester United,77
Jadon Sancho,Soccer,Manchester United,77
André Onana,Soccer,Manchester United,77
Aaron Wan‑Bissaka,Soccer,Manchester United,77
Brandon Williams,Soccer,Manchester United,77
Facundo Pellistri,Soccer,Manchester United,77
Alessia Russo,Soccer,Manchester United,77
Ella Toone,Soccer,Manchester United,77
Mary Earps,Soccer,Manchester United,77
Alex Greenwood,Soccer,Manchester United,77
Zack Steffen,Soccer,Middlesbrough FC,78
Caden Clark,Soccer,Minnesota United FC,79
Emanuel Reynoso,Soccer,Minnesota United FC,79
Martin Cáceres,Soccer,Nacional,80
Victor Osimhen,Soccer,Napoli,81
Piotr Zieliński,Soccer,Napoli,81
Kalidou Koulibaly,Soccer,Napoli,81
Matteo Politano,Soccer,Napoli,81
Hirving Lozano,Soccer,Napoli,81
Taty Castellanos,Soccer,New York City FC,82
Alexander Isak,Soccer,Newcastle United,83
Bruno Guimarães,Soccer,Newcastle United,83
Kieran Trippier,Soccer,Newcastle United,83
Miguel Almirón,Soccer,Newcastle United,83
Harvey Barnes,Soccer,Newcastle United,83
Fabian Schär,Soccer,Newcastle United,83
Allan Saint‑Maximin,Soccer,Newcastle United,83
Brennan Johnson,Soccer,Nottingham Forest,84
Morgan Gibbs-White,Soccer,Nottingham Forest,84
Kamaldeen Sulemana,Soccer,Nottingham Forest,84
Kasper Schmeichel,Soccer,OGC Nice,85
Megan Rapinoe,Soccer,OL Reign,86
Rose Lavelle,Soccer,OL Reign,86
Emily Sonnett,Soccer,OL Reign,86
Jess Fishlock,Soccer,OL Reign,86
Sofia Huerta,Soccer,OL Reign,86
Cedric Bakambu,Soccer,Olympiacos,87
Cengiz Ünder,Soccer,Olympiacos,87
Alexis Sánchez,Soccer,Olympique de Marseille,88
Dimitri Payet,Soccer,Olympique de Marseille,88
Pierre‑Emerick Aubameyang,Soccer,Olympique de Marseille,88
Houssem Aouar,Soccer,Olympique Lyonnais,89
Maxence Caqueret,Soccer,Olympique Lyonnais,89
Ada Hegerberg,Soccer,Olympique Lyonnais,89
Catarina Macário,Soccer,Olympique Lyonnais,89
Wendie Renard,Soccer,Olympique Lyonnais,89
Sarah Bouhaddi,Soccer,Olympique Lyonnais,89
Eugénie Le Sommer,Soccer,Olympique Lyonnais,89
Facundo Torres,Soccer,Orlando City SC,90
Marta,Soccer,Orlando Pride,91
Kylian Mbappé,Soccer,Paris Saint‑Germain,92
Neymar Jr,Soccer,Paris Saint‑Germain,92
Marco Verratti,Soccer,Paris Saint‑Germain,92
Marquinhos,Soccer,Paris Saint‑Germain,92
Achraf Hakimi,Soccer,Paris Saint‑Germain,92
Gianluigi Donnarumma,Soccer,Paris Saint‑Germain,92
Keylor Navas,Soccer,Paris Saint‑Germain,92
Randal Kolo Muani,Soccer,Paris Saint‑Germain,92
Fabián Ruiz,Soccer,Paris Saint‑Germain,92
Pablo Sarabia,Soccer,Paris Saint‑Germain,92
Presnel Kimpembe,Soccer,Paris Saint‑Germain,92
Lieke Martens,Soccer,Paris Saint‑Germain,92
Marie‑Antoinette Katoto,Soccer,Paris Saint‑Germain,92
Yui Hasegawa,Soccer,Paris Saint‑Germain,92
Grace Geyoro,Soccer,Paris Saint‑Germain,92
Gianluigi Buffon,Soccer,Parma,93
Sophia Smith,Soccer,Portland Thorns FC,94
Lindsey Horan,Soccer,Portland Thorns FC,94
Christine Sinclair,Soccer,Portland Thorns FC,94
Julia Ashley,Soccer,Portland Thorns FC,94
Ellie Carpenter,Soccer,Portland Thorns FC,94
Sebastián Blanco,Soccer,Portland Timbers,95
Diego Valeri,Soccer,Portland Timbers,95
Ebony Salmon,Soccer,Racing Louisville FC,96
Katie Stengel,Soccer,Racing Louisville FC,96
Alfredo Morelos,Soccer,Rangers FC,97
James Tavernier,Soccer,Rangers FC,97
Emil Forsberg,Soccer,RB Leipzig,98
Timo Werner,Soccer,RB Leipzig,98
Yussuf Poulsen,Soccer,RB Leipzig,98
Angeliño,Soccer,RB Leipzig,98
Benjamin Šeško,Soccer,RB Leipzig,98
Joseph Aidoo,Soccer,RC Celta de Vigo,99
Cristian Tello,Soccer,Real Betis,100
Isco,Soccer,Real Betis,100
Jude Bellingham,Soccer,Real Madrid,101
Thibaut Courtois,Soccer,Real Madrid,101
Vinícius Júnior,Soccer,Real Madrid,101
Luka Modrić,Soccer,Real Madrid,101
Rodrygo,Soccer,Real Madrid,101
Federico Valverde,Soccer,Real Madrid,101
David Alaba,Soccer,Real Madrid,101
Toni Kroos,Soccer,Real Madrid,101
Eduardo Camavinga,Soccer,Real Madrid,101
Éder Militão,Soccer,Real Madrid,101
Raphaël Varane,Soccer,Real Madrid,101
Eden Hazard,Soccer,Real Madrid,101
Nacho Fernández,Soccer,Real Madrid,101
Lucas Vázquez,Soccer,Real Madrid,101
Aurélien Tchouaméni,Soccer,Real Madrid,101
Antonio Rüdiger,Soccer,Real Madrid,101
Caroline Weir,Soccer,Real Madrid,101
Mikel Oyarzabal,Soccer,Real Sociedad,102
David Silva,Soccer,Real Sociedad,102
Takefusa Kubo,Soccer,Real Sociedad,102
Mikel Merino,Soccer,Real Sociedad,102
Nahikari García,Soccer,Real Sociedad,102
Franco Armani,Soccer,River Plate,103
Erik Lamela,Soccer,River Plate,103
Paulo Dybala,Soccer,Roma,104
Tammy Abraham,Soccer,Roma,104
Nicolò Zaniolo,Soccer,Roma,104
Guillermo Ochoa,Soccer,Salernitana,105
Alex Morgan,Soccer,San Diego Wave FC,106
Naomi Girma,Soccer,San Diego Wave FC,106
Jonathan Calleri,Soccer,São Paulo,107
Jordan Morris,Soccer,Seattle Sounders,108
Ivan Rakitić,Soccer,Sevilla FC,109
Youssef En‑Nesyri,Soccer,Sevilla FC,109
En-Nesyri Youssef,Soccer,Sevilla FC,109
Sergio Ramos,Soccer,Sevilla FC,109
Alejandro “Papu” Gómez,Soccer,Sevilla FC,109
Alejandro Grimaldo,Soccer,SL Benfica,110
Rafa Silva,Soccer,SL Benfica,110
Haris Seferovic,Soccer,SL Benfica,110
Che Adams,Soccer,Southampton FC,111
Romeo Lavia,Soccer,Southampton FC,111
Pedro Gonçalves,Soccer,Sporting CP,112
Sebastián Coates,Soccer,Sporting CP,112
Dániel Sallói,Soccer,Sporting Kansas City,113
Lorenzo Insigne,Soccer,Toronto FC,114
Jozy Altidore,Soccer,Toronto FC,114
Harry Kane,Soccer,Tottenham Hotspur,115
Heung-min Son,Soccer,Tottenham Hotspur,115
Ivan Perišić,Soccer,Tottenham Hotspur,115
Cristian Romero,Soccer,Tottenham Hotspur,115
Bryan Gil,Soccer,Tottenham Hotspur,115
Dejan Kulusevski,Soccer,Tottenham Hotspur,115
Pape Matar Sarr,Soccer,Tottenham Hotspur,115
Yves Bissouma,Soccer,Tottenham Hotspur,115
Hugo Lloris,Soccer,Tottenham Hotspur,115
Pierre‑Emile Højbjerg,Soccer,Tottenham Hotspur,115
Rodrigo Bentancur,Soccer,Tottenham Hotspur,115
Juan Foyth,Soccer,Tottenham Hotspur,115
Richarlison,Soccer,Tottenham Hotspur,115
Lee Geum‑min,Soccer,Tottenham Hotspur,115
Hiroki Sakai,Soccer,Urawa Red Diamonds,116
Domenico Berardi,Soccer,US Sassuolo,117
Edinson Cavani,Soccer,Valencia CF,118
Giovani Lo Celso,Soccer,Villarreal CF,119
Gerard Moreno,Soccer,Villarreal CF,119
Pau Torres,Soccer,Villarreal CF,119
Bryan Zaragoza,Soccer,Villarreal CF,119
Yoshinori Muto,Soccer,Vissel Kobe,120
Andrés Iniesta,Soccer,Vissel Kobe,120
Declan Rice,Soccer,West Ham United,121
Michail Antonio,Soccer,West Ham United,121
Jarrod Bowen,Soccer,West Ham United,121
Lucas Paquetá,Soccer,West Ham United,121
James Ward-Prowse,Soccer,West Ham United,121
Mohammed Kudus,Soccer,West Ham United,121
Pedro Neto,Soccer,Wolverhampton Wanderers,122
João Moutinho,Soccer,Wolverhampton Wanderers,122
Matheus Nunes,Soccer,Wolverhampton Wanderers,122
Saúl Ñíguez,Soccer,Wolverhampton Wanderers,122
Josh Allen,American Football,Buffalo Bills,123
Stefon Diggs,American Football,Buffalo Bills,123
Von Miller,American Football,Buffalo Bills,123
Matt Milano,American Football,Buffalo Bills,123
Dawson Knox,American Football,Buffalo Bills,123
James Cook,American Football,Buffalo Bills,123
Tre'Davious White,American Football,Buffalo Bills,123
Jordan Poyer,American Football,Buffalo Bills,123
Dion Dawkins,American Football,Buffalo Bills,123
Mitch Morse,American Football,Buffalo Bills,123
Gabriel Davis,American Football,Buffalo Bills,123
Leonard Floyd,American Football,Buffalo Bills,123
Ed Oliver,American Football,Buffalo Bills,123
Jordan Phillips,American Football,Buffalo Bills,123
Nyheim Hines,American Football,Buffalo Bills,123
Tua Tagovailoa,American Football,Miami Dolphins,124
Tyreek Hill,American Football,Miami Dolphins,124
Jaylen Waddle,American Football,Miami Dolphins,124
Bradley Chubb,American Football,Miami Dolphins,124
Xavien Howard,American Football,Miami Dolphins,124
Raheem Mostert,American Football,Miami Dolphins,124
Jalen Ramsey,American Football,Miami Dolphins,124
Jevon Holland,American Football,Miami Dolphins,124
Terron Armstead,American Football,Miami Dolphins,124
Mike Gesicki,American Football,Miami Dolphins,124
Emmanuel Ogbah,American Football,Miami Dolphins,124
Christian Wilkins,American Football,Miami Dolphins,124
Jerome Baker,American Football,Miami Dolphins,124
Jeff Wilson Jr.,American Football,Miami Dolphins,124
Durham Smythe,American Football,Miami Dolphins,124
Mac Jones,American Football,New England Patriots,125
Matthew Judon,American Football,New England Patriots,125
Davante Parker,American Football,New England Patriots,125
Kyle Dugger,American Football,New England Patriots,125
Hunter Henry,American Football,New England Patriots,125
Rhamondre Stevenson,American Football,New England Patriots,125
Jakobi Meyers,American Football,New England Patriots,125
Deatrich Wise Jr.,American Football,New England Patriots,125
Christian Barmore,American Football,New England Patriots,125
Ja'Whaun Bentley,American Football,New England Patriots,125
DeVante Parker,American Football,New England Patriots,125
Kendrick Bourne,American Football,New England Patriots,125
David Andrews,American Football,New England Patriots,125
Jonathan Jones,American Football,New England Patriots,125
Nelson Agholor,American Football,New England Patriots,125
Aaron Rodgers,American Football,New York Jets,126
Garrett Wilson,American Football,New York Jets,126
Sauce Gardner,American Football,New York Jets,126
Quinnen Williams,American Football,New York Jets,126
C.J. Mosley,American Football,New York Jets,126
Breece Hall,American Football,New York Jets,126
D.J. Reed,American Football,New York Jets,126
Carl Lawson,American Football,New York Jets,126
Elijah Moore,American Football,New York Jets,126
Corey Davis,American Football,New York Jets,126
Tyler Conklin,American Football,New York Jets,126
Alijah Vera-Tucker,American Football,New York Jets,126
Sheldon Rankins,American Football,New York Jets,126
Michael Carter,American Football,New York Jets,126
Lamarcus Joyner,American Football,New York Jets,126
Lamar Jackson,American Football,Baltimore Ravens,127
Mark Andrews,American Football,Baltimore Ravens,127
Roquan Smith,American Football,Baltimore Ravens,127
Marlon Humphrey,American Football,Baltimore Ravens,127
Justin Tucker,American Football,Baltimore Ravens,127
J.K. Dobbins,American Football,Baltimore Ravens,127
Odell Beckham Jr.,American Football,Baltimore Ravens,127
Kyle Hamilton,American Football,Baltimore Ravens,127
Ronnie Stanley,American Football,Baltimore Ravens,127
Justin Madubuike,American Football,Baltimore Ravens,127
Gus Edwards,American Football,Baltimore Ravens,127
Rashod Bateman,American Football,Baltimore Ravens,127
Marcus Peters,American Football,Baltimore Ravens,127
Patrick Queen,American Football,Baltimore Ravens,127
Tyler Huntley,American Football,Baltimore Ravens,127
Joe Burrow,American Football,Cincinnati Bengals,128
Ja'Marr Chase,American Football,Cincinnati Bengals,128
Tee Higgins,American Football,Cincinnati Bengals,128
Trey Hendrickson,American Football,Cincinnati Bengals,128
Logan Wilson,American Football,Cincinnati Bengals,128
Joe Mixon,American Football,Cincinnati Bengals,128
Tyler Boyd,American Football,Cincinnati Bengals,128
D.J. Reader,American Football,Cincinnati Bengals,128
Jessie Bates III,American Football,Cincinnati Bengals,128
Chidobe Awuzie,American Football,Cincinnati Bengals,128
Hayden Hurst,American Football,Cincinnati Bengals,128
Sam Hubbard,American Football,Cincinnati Bengals,128
Germaine Pratt,American Football,Cincinnati Bengals,128
Orlando Brown Jr.,American Football,Cincinnati Bengals,128
B.J. Hill,American Football,Cincinnati Bengals,128
Deshaun Watson,American Football,Cleveland Browns,129
Myles Garrett,American Football,Cleveland Browns,129
Nick Chubb,American Football,Cleveland Browns,129
Amari Cooper,American Football,Cleveland Browns,129
Denzel Ward,American Football,Cleveland Browns,129
Kareem Hunt,American Football,Cleveland Browns,129
David Njoku,American Football,Cleveland Browns,129
Joel Bitonio,American Football,Cleveland Browns,129
Wyatt Teller,American Football,Cleveland Browns,129
John Johnson III,American Football,Cleveland Browns,129
Jeremiah Owusu-Koramoah,American Football,Cleveland Browns,129
Za'Darius Smith,American Football,Cleveland Browns,129
Grant Delpit,American Football,Cleveland Browns,129
Elijah Moore,American Football,Cleveland Browns,129
Anthony Walker Jr.,American Football,Cleveland Browns,129
Kenny Pickett,American Football,Pittsburgh Steelers,130
T.J. Watt,American Football,Pittsburgh Steelers,130
Minkah Fitzpatrick,American Football,Pittsburgh Steelers,130
Najee Harris,American Football,Pittsburgh Steelers,130
Cameron Heyward,American Football,Pittsburgh Steelers,130
George Pickens,American Football,Pittsburgh Steelers,130
Diontae Johnson,American Football,Pittsburgh Steelers,130
Alex Highsmith,American Football,Pittsburgh Steelers,130
Pat Freiermuth,American Football,Pittsburgh Steelers,130
Terrell Edmunds,American Football,Pittsburgh Steelers,130
Larry Ogunjobi,American Football,Pittsburgh Steelers,130
Cole Holcomb,American Football,Pittsburgh Steelers,130
Levi Wallace,American Football,Pittsburgh Steelers,130
Jaylen Warren,American Football,Pittsburgh Steelers,130
Arthur Smith,American Football,Pittsburgh Steelers,130
C.J. Stroud,American Football,Houston Texans,131
Nico Collins,American Football,Houston Texans,131
Will Anderson Jr.,American Football,Houston Texans,131
Derek Stingley Jr.,American Football,Houston Texans,131
Laremy Tunsil,American Football,Houston Texans,131
Tank Dell,American Football,Houston Texans,131
Dameon Pierce,American Football,Houston Texans,131
Dalton Schultz,American Football,Houston Texans,131
Steven Nelson,American Football,Houston Texans,131
Danielle Hunter,American Football,Houston Texans,131
Jerry Hughes,American Football,Houston Texans,131
Christian Harris,American Football,Houston Texans,131
Jalen Pitre,American Football,Houston Texans,131
Robert Woods,American Football,Houston Texans,131
Shaq Mason,American Football,Houston Texans,131
Anthony Richardson,American Football,Indianapolis Colts,132
Jonathan Taylor,American Football,Indianapolis Colts,132
DeForest Buckner,American Football,Indianapolis Colts,132
Darius Leonard,American Football,Indianapolis Colts,132
Michael Pittman Jr.,American Football,Indianapolis Colts,132
Josh Downs,American Football,Indianapolis Colts,132
Kenny Moore II,American Football,Indianapolis Colts,132
Quenton Nelson,American Football,Indianapolis Colts,132
Grover Stewart,American Football,Indianapolis Colts,132
Zaire Franklin,American Football,Indianapolis Colts,132
Ryan Kelly,American Football,Indianapolis Colts,132
Alec Pierce,American Football,Indianapolis Colts,132
Julian Blackmon,American Football,Indianapolis Colts,132
Samson Ebukam,American Football,Indianapolis Colts,132
Mo Alie-Cox,American Football,Indianapolis Colts,132
Trevor Lawrence,American Football,Jacksonville Jaguars,133
Josh Allen,American Football,Jacksonville Jaguars,133
Myles Jack,American Football,Jacksonville Jaguars,133
Calvin Ridley,American Football,Jacksonville Jaguars,133
Travon Walker,American Football,Jacksonville Jaguars,133
Christian Kirk,American Football,Jacksonville Jaguars,133
Travis Etienne,American Football,Jacksonville Jaguars,133
Rayshawn Jenkins,American Football,Jacksonville Jaguars,133
Cam Robinson,American Football,Jacksonville Jaguars,133
Foley Fatukasi,American Football,Jacksonville Jaguars,133
Darious Williams,American Football,Jacksonville Jaguars,133
Evan Engram,American Football,Jacksonville Jaguars,133
Foyesade Oluokun,American Football,Jacksonville Jaguars,133
Brandon McManus,American Football,Jacksonville Jaguars,133
Zay Jones,American Football,Jacksonville Jaguars,133
Ryan Tannehill,American Football,Tennessee Titans,134
Derrick Henry,American Football,Tennessee Titans,134
Jeffery Simmons,American Football,Tennessee Titans,134
Kevin Byard,American Football,Tennessee Titans,134
Harold Landry III,American Football,Tennessee Titans,134
DeAndre Hopkins,American Football,Tennessee Titans,134
Treylon Burks,American Football,Tennessee Titans,134
Ryan Stonehouse,American Football,Tennessee Titans,134
Taylor Lewan,American Football,Tennessee Titans,134
Amani Hooker,American Football,Tennessee Titans,134
Kristian Fulton,American Football,Tennessee Titans,134
Rashaan Woods,American Football,Tennessee Titans,134
Malik Willis,American Football,Tennessee Titans,134
Chig Okonkwo,American Football,Tennessee Titans,134
Roger McCreary,American Football,Tennessee Titans,134
Russell Wilson,American Football,Denver Broncos,135
Courtland Sutton,American Football,Denver Broncos,135
Patrick Surtain II,American Football,Denver Broncos,135
Bradley Chubb,American Football,Denver Broncos,135
Justin Simmons,American Football,Denver Broncos,135
Jerry Jeudy,American Football,Denver Broncos,135
Javonte Williams,American Football,Denver Broncos,135
Randy Gregory,American Football,Denver Broncos,135
Baron Browning,American Football,Denver Broncos,135
K.J. Hamler,American Football,Denver Broncos,135
Tim Patrick,American Football,Denver Broncos,135
Alex Singleton,American Football,Denver Broncos,135
Garett Bolles,American Football,Denver Broncos,135
Lloyd Cushenberry III,American Football,Denver Broncos,135
Melvin Gordon III,American Football,Denver Broncos,135
Patrick Mahomes,American Football,Kansas City Chiefs,136
Travis Kelce,American Football,Kansas City Chiefs,136
Tyreek Hill,American Football,Kansas City Chiefs,136
Chris Jones,American Football,Kansas City Chiefs,136
Nick Bolton,American Football,Kansas City Chiefs,136
Clyde Edwards-Helaire,American Football,Kansas City Chiefs,136
JuJu Smith-Schuster,American Football,Kansas City Chiefs,136
L'Jarius Sneed,American Football,Kansas City Chiefs,136
Frank Clark,American Football,Kansas City Chiefs,136
Willie Gay Jr.,American Football,Kansas City Chiefs,136
Harrison Butker,American Football,Kansas City Chiefs,136
Marquez Valdes-Scantling,American Football,Kansas City Chiefs,136
Trent McDuffie,American Football,Kansas City Chiefs,136
Creed Humphrey,American Football,Kansas City Chiefs,136
Skyy Moore,American Football,Kansas City Chiefs,136
Derek Carr,American Football,Las Vegas Raiders,137
Davante Adams,American Football,Las Vegas Raiders,137
Maxx Crosby,American Football,Las Vegas Raiders,137
Josh Jacobs,American Football,Las Vegas Raiders,137
Darren Waller,American Football,Las Vegas Raiders,137
Hunter Renfrow,American Football,Las Vegas Raiders,137
Chandler Jones,American Football,Las Vegas Raiders,137
Denzel Perryman,American Football,Las Vegas Raiders,137
Kolton Miller,American Football,Las Vegas Raiders,137
Andre James,American Football,Las Vegas Raiders,137
Daniel Carlson,American Football,Las Vegas Raiders,137
Rock Ya-Sin,American Football,Las Vegas Raiders,137
Dylan Parham,American Football,Las Vegas Raiders,137
Duron Harmon,American Football,Las Vegas Raiders,137
Mekhi Becton,American Football,Las Vegas Raiders,137
Justin Herbert,American Football,Los Angeles Chargers,138
Keenan Allen,American Football,Los Angeles Chargers,138
Khalil Mack,American Football,Los Angeles Chargers,138
Derwin James,American Football,Los Angeles Chargers,138
Austin Ekeler,American Football,Los Angeles Chargers,138
Mike Williams,American Football,Los Angeles Chargers,138
Joey Bosa,American Football,Los Angeles Chargers,138
Corey Linsley,American Football,Los Angeles Chargers,138
Gerald Everett,American Football,Los Angeles Chargers,138
Asante Samuel Jr.,American Football,Los Angeles Chargers,138
Sebastian Joseph-Day,American Football,Los Angeles Chargers,138
Rashawn Slater,American Football,Los Angeles Chargers,138
DeAndre Carter,American Football,Los Angeles Chargers,138
Cameron Dicker,American Football,Los Angeles Chargers,138
Joshua Palmer,American Football,Los Angeles Chargers,138
Dak Prescott,American Football,Dallas Cowboys,139
Micah Parsons,American Football,Dallas Cowboys,139
CeeDee Lamb,American Football,Dallas Cowboys,139
Trevon Diggs,American Football,Dallas Cowboys,139
Ezekiel Elliott,American Football,Dallas Cowboys,139
DeMarcus Lawrence,American Football,Dallas Cowboys,139
Tyron Smith,American Football,Dallas Cowboys,139
Zack Martin,American Football,Dallas Cowboys,139
Michael Gallup,American Football,Dallas Cowboys,139
Dalton Schultz,American Football,Dallas Cowboys,139
Leighton Vander Esch,American Football,Dallas Cowboys,139
Tony Pollard,American Football,Dallas Cowboys,139
Jayron Kearse,American Football,Dallas Cowboys,139
Brandin Cooks,American Football,Dallas Cowboys,139
Tyler Smith,American Football,Dallas Cowboys,139
Daniel Jones,American Football,New York Giants,140
Saquon Barkley,American Football,New York Giants,140
Dexter Lawrence,American Football,New York Giants,140
Kayvon Thibodeaux,American Football,New York Giants,140
Kenny Golladay,American Football,New York Giants,140
Adoree' Jackson,American Football,New York Giants,140
Leonard Williams,American Football,New York Giants,140
Darius Slayton,American Football,New York Giants,140
Andrew Thomas,American Football,New York Giants,140
Xavier McKinney,American Football,New York Giants,140
Blake Martinez,American Football,New York Giants,140
Sterling Shepard,American Football,New York Giants,140
Wan'Dale Robinson,American Football,New York Giants,140
Richie James,American Football,New York Giants,140
Graham Gano,American Football,New York Giants,140
Jalen Hurts,American Football,Philadelphia Eagles,141
A.J. Brown,American Football,Philadelphia Eagles,141
Lane Johnson,American Football,Philadelphia Eagles,141
Haason Reddick,American Football,Philadelphia Eagles,141
Darius Slay,American Football,Philadelphia Eagles,141
DeVonta Smith,American Football,Philadelphia Eagles,141
Jason Kelce,American Football,Philadelphia Eagles,141
Fletcher Cox,American Football,Philadelphia Eagles,141
Dallas Goedert,American Football,Philadelphia Eagles,141
James Bradberry,American Football,Philadelphia Eagles,141
Jordan Mailata,American Football,Philadelphia Eagles,141
Miles Sanders,American Football,Philadelphia Eagles,141
C.J. Gardner-Johnson,American Football,Philadelphia Eagles,141
Josh Sweat,American Football,Philadelphia Eagles,141
Brandon Graham,American Football,Philadelphia Eagles,141
Sam Howell,American Football,Washington Commanders,142
Terry McLaurin,American Football,Washington Commanders,142
Jonathan Allen,American Football,Washington Commanders,142
Chase Young,American Football,Washington Commanders,142
Kamren Curl,American Football,Washington Commanders,142
Antonio Gibson,American Football,Washington Commanders,142
Jahan Dotson,American Football,Washington Commanders,142
Daron Payne,American Football,Washington Commanders,142
Kendall Fuller,American Football,Washington Commanders,142
Logan Thomas,American Football,Washington Commanders,142
Curtis Samuel,American Football,Washington Commanders,142
Brian Robinson Jr.,American Football,Washington Commanders,142
John Ridgeway,American Football,Washington Commanders,142
Cole Holcomb,American Football,Washington Commanders,142
Jeremy Reaves,American Football,Washington Commanders,142
Justin Fields,American Football,Chicago Bears,143
Roquan Smith,American Football,Chicago Bears,143
DJ Moore,American Football,Chicago Bears,143
Jaylon Johnson,American Football,Chicago Bears,143
Robert Quinn,American Football,Chicago Bears,143
David Montgomery,American Football,Chicago Bears,143
Darnell Mooney,American Football,Chicago Bears,143
Eddie Jackson,American Football,Chicago Bears,143
Cody Whitehair,American Football,Chicago Bears,143
Cole Kmet,American Football,Chicago Bears,143
Khalil Herbert,American Football,Chicago Bears,143
Lucas Patrick,American Football,Chicago Bears,143
Tremaine Edmunds,American Football,Chicago Bears,143
T.J. Edwards,American Football,Chicago Bears,143
Cairo Santos,American Football,Chicago Bears,143
Jared Goff,American Football,Detroit Lions,144
Amon-Ra St. Brown,American Football,Detroit Lions,144
Aidan Hutchinson,American Football,Detroit Lions,144
T.J. Hockenson,American Football,Detroit Lions,144
Frank Ragnow,American Football,Detroit Lions,144
D'Andre Swift,American Football,Detroit Lions,144
Jeff Okudah,American Football,Detroit Lions,144
Taylor Decker,American Football,Detroit Lions,144
DJ Chark Jr.,American Football,Detroit Lions,144
Tracy Walker III,American Football,Detroit Lions,144
Romeo Okwara,American Football,Detroit Lions,144
Penei Sewell,American Football,Detroit Lions,144
Michael Badgley,American Football,Detroit Lions,144
Jamaal Williams,American Football,Detroit Lions,144
Malcolm Rodriguez,American Football,Detroit Lions,144
Aaron Rodgers,American Football,Green Bay Packers,145
Davante Adams,American Football,Green Bay Packers,145
Jaire Alexander,American Football,Green Bay Packers,145
Kenny Clark,American Football,Green Bay Packers,145
Rashan Gary,American Football,Green Bay Packers,145
Aaron Jones,American Football,Green Bay Packers,145
Allen Lazard,American Football,Green Bay Packers,145
Elgton Jenkins,American Football,Green Bay Packers,145
Adrian Amos,American Football,Green Bay Packers,145
David Bakhtiari,American Football,Green Bay Packers,145
De'Vondre Campbell,American Football,Green Bay Packers,145
Valdes-Scantling,American Football,Green Bay Packers,145
Mason Crosby,American Football,Green Bay Packers,145
Robert Tonyan,American Football,Green Bay Packers,145
Randall Cobb,American Football,Green Bay Packers,145
Kirk Cousins,American Football,Minnesota Vikings,146
Justin Jefferson,American Football,Minnesota Vikings,146
Dalvin Cook,American Football,Minnesota Vikings,146
Harrison Smith,American Football,Minnesota Vikings,146
Danielle Hunter,American Football,Minnesota Vikings,146
Adam Thielen,American Football,Minnesota Vikings,146
Za'Darius Smith,American Football,Minnesota Vikings,146
Eric Kendricks,American Football,Minnesota Vikings,146
Brian O'Neill,American Football,Minnesota Vikings,146
Jordan Hicks,American Football,Minnesota Vikings,146
Irv Smith Jr.,American Football,Minnesota Vikings,146
Patrick Jones II,American Football,Minnesota Vikings,146
Cameron Dantzler,American Football,Minnesota Vikings,146
Greg Joseph,American Football,Minnesota Vikings,146
K.J. Osborn,American Football,Minnesota Vikings,146
Desmond Ridder,American Football,Atlanta Falcons,147
Kyle Pitts,American Football,Atlanta Falcons,147
Grady Jarrett,American Football,Atlanta Falcons,147
A.J. Terrell,American Football,Atlanta Falcons,147
Chris Lindstrom,American Football,Atlanta Falcons,147
Calvin Ridley,American Football,Atlanta Falcons,147
Cordarrelle Patterson,American Football,Atlanta Falcons,147
Jake Matthews,American Football,Atlanta Falcons,147
Deion Jones,American Football,Atlanta Falcons,147
Jessie Bates III,American Football,Atlanta Falcons,147
Tyler Allgeier,American Football,Atlanta Falcons,147
Drake London,American Football,Atlanta Falcons,147
Richie Grant,American Football,Atlanta Falcons,147
Younghoe Koo,American Football,Atlanta Falcons,147
MyCole Pruitt,American Football,Atlanta Falcons,147
Bryce Young,American Football,Carolina Panthers,148
Christian McCaffrey,American Football,Carolina Panthers,148
Brian Burns,American Football,Carolina Panthers,148
DJ Moore,American Football,Carolina Panthers,148
Derrick Brown,American Football,Carolina Panthers,148
Robbie Anderson,American Football,Carolina Panthers,148
Shaq Thompson,American Football,Carolina Panthers,148
Jeremy Chinn,American Football,Carolina Panthers,148
Taylor Moton,American Football,Carolina Panthers,148
Jaycee Horn,American Football,Carolina Panthers,148
Terrace Marshall Jr.,American Football,Carolina Panthers,148
Matt Ioannidis,American Football,Carolina Panthers,148
Frankie Luvu,American Football,Carolina Panthers,148
Eddy Pineiro,American Football,Carolina Panthers,148
Tommy Tremble,American Football,Carolina Panthers,148
Derek Carr,American Football,New Orleans Saints,149
Alvin Kamara,American Football,New Orleans Saints,149
Michael Thomas,American Football,New Orleans Saints,149
Cameron Jordan,American Football,New Orleans Saints,149
Marshon Lattimore,American Football,New Orleans Saints,149
Chris Olave,American Football,New Orleans Saints,149
Jarvis Landry,American Football,New Orleans Saints,149
Ryan Ramczyk,American Football,New Orleans Saints,149
Demario Davis,American Football,New Orleans Saints,149
Tyrann Mathieu,American Football,New Orleans Saints,149
Erik McCoy,American Football,New Orleans Saints,149
Paulson Adebo,American Football,New Orleans Saints,149
Pete Werner,American Football,New Orleans Saints,149
Wil Lutz,American Football,New Orleans Saints,149
Adam Trautman,American Football,New Orleans Saints,149
Tom Brady,American Football,Tampa Bay Buccaneers,150
Mike Evans,American Football,Tampa Bay Buccaneers,150
Chris Godwin,American Football,Tampa Bay Buccaneers,150
Vita Vea,American Football,Tampa Bay Buccaneers,150
Devin White,American Football,Tampa Bay Buccaneers,150
Leonard Fournette,American Football,Tampa Bay Buccaneers,150
Tristan Wirfs,American Football,Tampa Bay Buccaneers,150
Shaquil Barrett,American Football,Tampa Bay Buccaneers,150
Carlton Davis III,American Football,Tampa Bay Buccaneers,150
Antoine Winfield Jr.,American Football,Tampa Bay Buccaneers,150
Donovan Smith,American Football,Tampa Bay Buccaneers,150
Ryan Jensen,American Football,Tampa Bay Buccaneers,150
Lavonte David,American Football,Tampa Bay Buccaneers,150
Cameron Brate,American Football,Tampa Bay Buccaneers,150
Ryan Succop,American Football,Tampa Bay Buccaneers,150
Kyler Murray,American Football,Arizona Cardinals,151
DeAndre Hopkins,American Football,Arizona Cardinals,151
Budda Baker,American Football,Arizona Cardinals,151
J.J. Watt,American Football,Arizona Cardinals,151
Zaven Collins,American Football,Arizona Cardinals,151
James Conner,American Football,Arizona Cardinals,151
A.J. Green,American Football,Arizona Cardinals,151
Rodney Hudson,American Football,Arizona Cardinals,151
Byron Murphy Jr.,American Football,Arizona Cardinals,151
Chandler Jones,American Football,Arizona Cardinals,151
Markus Golden,American Football,Arizona Cardinals,151
Christian Kirk,American Football,Arizona Cardinals,151
Matt Prater,American Football,Arizona Cardinals,151
Zach Ertz,American Football,Arizona Cardinals,151
Isaiah Simmons,American Football,Arizona Cardinals,151
Matthew Stafford,American Football,Los Angeles Rams,152
Cooper Kupp,American Football,Los Angeles Rams,152
Aaron Donald,American Football,Los Angeles Rams,152
Jalen Ramsey,American Football,Los Angeles Rams,152
Van Jefferson,American Football,Los Angeles Rams,152
Cam Akers,American Football,Los Angeles Rams,152
Leonard Floyd,American Football,Los Angeles Rams,152
Taylor Rapp,American Football,Los Angeles Rams,152
Andrew Whitworth,American Football,Los Angeles Rams,152
Rob Havenstein,American Football,Los Angeles Rams,152
Tyler Higbee,American Football,Los Angeles Rams,152
Sony Michel,American Football,Los Angeles Rams,152
Matt Gay,American Football,Los Angeles Rams,152
Tutu Atwell,American Football,Los Angeles Rams,152
Nick Scott,American Football,Los Angeles Rams,152
Brock Purdy,American Football,San Francisco 49ers,153
Christian McCaffrey,American Football,San Francisco 49ers,153
Deebo Samuel,American Football,San Francisco 49ers,153
Nick Bosa,American Football,San Francisco 49ers,153
Fred Warner,American Football,San Francisco 49ers,153
George Kittle,American Football,San Francisco 49ers,153
Trent Williams,American Football,San Francisco 49ers,153
Arik Armstead,American Football,San Francisco 49ers,153
Dre Greenlaw,American Football,San Francisco 49ers,153
Charvarius Ward,American Football,San Francisco 49ers,153
Elijah Mitchell,American Football,San Francisco 49ers,153
Brandon Aiyuk,American Football,San Francisco 49ers,153
Talanoa Hufanga,American Football,San Francisco 49ers,153
Robbie Gould,American Football,San Francisco 49ers,153
Kyle Juszczyk,American Football,San Francisco 49ers,153
Geno Smith,American Football,Seattle Seahawks,154
DK Metcalf,American Football,Seattle Seahawks,154
Tyler Lockett,American Football,Seattle Seahawks,154
Quandre Diggs,American Football,Seattle Seahawks,154
Jamal Adams,American Football,Seattle Seahawks,154
Kenneth Walker III,American Football,Seattle Seahawks,154
Jordyn Brooks,American Football,Seattle Seahawks,154
Tariq Woolen,American Football,Seattle Seahawks,154
Duane Brown,American Football,Seattle Seahawks,154
Chris Carson,American Football,Seattle Seahawks,154
Noah Fant,American Football,Seattle Seahawks,154
Uchenna Nwosu,American Football,Seattle Seahawks,154
Jason Myers,American Football,Seattle Seahawks,154
Marquise Goodwin,American Football,Seattle Seahawks,154
Boye Mafe,American Football,Seattle Seahawks,154
Freddie Freeman,Baseball,Los Angeles Dodgers,155
Julio Urías,Baseball,Los Angeles Dodgers,155
Walker Buehler,Baseball,Los Angeles Dodgers,155
Will Smith,Baseball,Los Angeles Dodgers,155
Trea Turner,Baseball,Los Angeles Dodgers,155
Max Muncy,Baseball,Los Angeles Dodgers,155
Justin Turner,Baseball,Los Angeles Dodgers,155
Chris Taylor,Baseball,Los Angeles Dodgers,155
Gavin Lux,Baseball,Los Angeles Dodgers,155
Tyler Anderson,Baseball,Los Angeles Dodgers,155
Craig Kimbrel,Baseball,Los Angeles Dodgers,155
Edwin Ríos,Baseball,Los Angeles Dodgers,155
Austin Barnes,Baseball,Los Angeles Dodgers,155
Cody Bellinger,Baseball,Los Angeles Dodgers,155
Fernando Tatis Jr.,Baseball,San Diego Padres,156
Juan Soto,Baseball,San Diego Padres,156
Xander Bogaerts,Baseball,San Diego Padres,156
Austin Nola,Baseball,San Diego Padres,156
Nelson Cruz,Baseball,San Diego Padres,156
Josh Hader,Baseball,San Diego Padres,156
Robert Suarez,Baseball,San Diego Padres,156
Nick Martinez,Baseball,San Diego Padres,156
Trent Grisham,Baseball,San Diego Padres,156
Luke Voit,Baseball,San Diego Padres,156
Logan Webb,Baseball,San Francisco Giants,157
Carlos Rodón,Baseball,San Francisco Giants,157
Thairo Estrada,Baseball,San Francisco Giants,157
Joc Pederson,Baseball,San Francisco Giants,157
Mike Yastrzemski,Baseball,San Francisco Giants,157
Brandon Crawford,Baseball,San Francisco Giants,157
Evan Longoria,Baseball,San Francisco Giants,157
LaMonte Wade Jr.,Baseball,San Francisco Giants,157
Wilmer Flores,Baseball,San Francisco Giants,157
Joey Bart,Baseball,San Francisco Giants,157
Alex Cobb,Baseball,San Francisco Giants,157
Camilo Doval,Baseball,San Francisco Giants,157
Austin Slater,Baseball,San Francisco Giants,157
David Villar,Baseball,San Francisco Giants,157
J.D. Davis,Baseball,San Francisco Giants,157
Christian Walker,Baseball,Arizona Diamondbacks,158
Ketel Marte,Baseball,Arizona Diamondbacks,158
Zac Gallen,Baseball,Arizona Diamondbacks,158
Merrill Kelly,Baseball,Arizona Diamondbacks,158
Corbin Carroll,Baseball,Arizona Diamondbacks,158
Alek Thomas,Baseball,Arizona Diamondbacks,158
Geraldo Perdomo,Baseball,Arizona Diamondbacks,158
Gabriel Moreno,Baseball,Arizona Diamondbacks,158
Lourdes Gurriel Jr.,Baseball,Arizona Diamondbacks,158
Eugenio Suárez,Baseball,Arizona Diamondbacks,158
Paul Sewald,Baseball,Arizona Diamondbacks,158
Brandon Pfaadt,Baseball,Arizona Diamondbacks,158
Tommy Pham,Baseball,Arizona Diamondbacks,158
Evan Carter,Baseball,Arizona Diamondbacks,158
Kyle Lewis,Baseball,Arizona Diamondbacks,158
Charlie Blackmon,Baseball,Colorado Rockies,159
Kris Bryant,Baseball,Colorado Rockies,159
C.J. Cron,Baseball,Colorado Rockies,159
Ryan McMahon,Baseball,Colorado Rockies,159
Ezequiel Tovar,Baseball,Colorado Rockies,159
Elias Díaz,Baseball,Colorado Rockies,159
Randal Grichuk,Baseball,Colorado Rockies,159
José Iglesias,Baseball,Colorado Rockies,159
Jurickson Profar,Baseball,Colorado Rockies,159
German Márquez,Baseball,Colorado Rockies,159
Kyle Freeland,Baseball,Colorado Rockies,159
Daniel Bard,Baseball,Colorado Rockies,159
Antonio Senzatela,Baseball,Colorado Rockies,159
Austin Gomber,Baseball,Colorado Rockies,159
Brent Suter,Baseball,Colorado Rockies,159
Ozzie Albies,Baseball,Atlanta Braves,160
Matt Olson,Baseball,Atlanta Braves,160
Austin Riley,Baseball,Atlanta Braves,160
Spencer Strider,Baseball,Atlanta Braves,160
Max Fried,Baseball,Atlanta Braves,160
Dansby Swanson,Baseball,Atlanta Braves,160
Michael Harris II,Baseball,Atlanta Braves,160
Sean Murphy,Baseball,Atlanta Braves,160
Marcell Ozuna,Baseball,Atlanta Braves,160
A.J. Minter,Baseball,Atlanta Braves,160
Raisel Iglesias,Baseball,Atlanta Braves,160
Eddie Rosario,Baseball,Atlanta Braves,160
Orlando Arcia,Baseball,Atlanta Braves,160
Charlie Morton,Baseball,Atlanta Braves,160
CJ Abrams,Baseball,Washington Nationals,161
Keibert Ruiz,Baseball,Washington Nationals,161
Josiah Gray,Baseball,Washington Nationals,161
MacKenzie Gore,Baseball,Washington Nationals,161
Luis García,Baseball,Washington Nationals,161
Cesar Hernandez,Baseball,Washington Nationals,161
Lane Thomas,Baseball,Washington Nationals,161
Alex Call,Baseball,Washington Nationals,161
Jeimer Candelario,Baseball,Washington Nationals,161
Kyle Finnegan,Baseball,Washington Nationals,161
Hunter Harvey,Baseball,Washington Nationals,161
Stone Garrett,Baseball,Washington Nationals,161
Dominic Smith,Baseball,Washington Nationals,161
Joey Meneses,Baseball,Washington Nationals,161
Bryce Harper,Baseball,Philadelphia Phillies,162
Trea Turner,Baseball,Philadelphia Phillies,162
Nick Castellanos,Baseball,Philadelphia Phillies,162
Kyle Schwarber,Baseball,Philadelphia Phillies,162
J.T. Realmuto,Baseball,Philadelphia Phillies,162
Zack Wheeler,Baseball,Philadelphia Phillies,162
Aaron Nola,Baseball,Philadelphia Phillies,162
Rhys Hoskins,Baseball,Philadelphia Phillies,162
Alec Bohm,Baseball,Philadelphia Phillies,162
Bryson Stott,Baseball,Philadelphia Phillies,162
José Alvarado,Baseball,Philadelphia Phillies,162
Seranthony Domínguez,Baseball,Philadelphia Phillies,162
Brandon Marsh,Baseball,Philadelphia Phillies,162
Edmundo Sosa,Baseball,Philadelphia Phillies,162
Craig Kimbrel,Baseball,Philadelphia Phillies,162
Pete Alonso,Baseball,New York Mets,163
Francisco Lindor,Baseball,New York Mets,163
Edwin Díaz,Baseball,New York Mets,163
Justin Verlander,Baseball,New York Mets,163
Max Scherzer,Baseball,New York Mets,163
Starling Marte,Baseball,New York Mets,163
Brandon Nimmo,Baseball,New York Mets,163
Jeff McNeil,Baseball,New York Mets,163
Francisco Álvarez,Baseball,New York Mets,163
Brett Baty,Baseball,New York Mets,163
Kodai Senga,Baseball,New York Mets,163
Adam Ottavino,Baseball,New York Mets,163
Mark Vientos,Baseball,New York Mets,163
Daniel Vogelbach,Baseball,New York Mets,163
Luis Severino,Baseball,New York Mets,163
Ronald Acuña Jr.,Baseball,Atlanta Braves,160
Juan Soto,Baseball,San Diego Padres,156
Mookie Betts,Baseball,Los Angeles Dodgers,155
Aaron Judge,Baseball,New York Yankees,164
Giancarlo Stanton,Baseball,New York Yankees,164
Gleyber Torres,Baseball,New York Yankees,164
Anthony Rizzo,Baseball,New York Yankees,164
DJ LeMahieu,Baseball,New York Yankees,164
Gerrit Cole,Baseball,New York Yankees,164
Nestor Cortes,Baseball,New York Yankees,164
Clay Holmes,Baseball,New York Yankees,164
Harrison Bader,Baseball,New York Yankees,164
Josh Donaldson,Baseball,New York Yankees,164
Anthony Volpe,Baseball,New York Yankees,164
Rafael Devers,Baseball,Boston Red Sox,165
Trevor Story,Baseball,Boston Red Sox,165
Alex Verdugo,Baseball,Boston Red Sox,165
Christian Vázquez,Baseball,Boston Red Sox,165
Nathan Eovaldi,Baseball,Boston Red Sox,165
Garrett Whitlock,Baseball,Boston Red Sox,165
Kike Hernández,Baseball,Boston Red Sox,165
Jarren Duran,Baseball,Boston Red Sox,165
Triston Casas,Baseball,Boston Red Sox,165
Brayan Bello,Baseball,Boston Red Sox,165
Tanner Houck,Baseball,Boston Red Sox,165
Adam Duvall,Baseball,Boston Red Sox,165
Masataka Yoshida,Baseball,Boston Red Sox,165
Vladimir Guerrero Jr.,Baseball,Toronto Blue Jays,166
Bo Bichette,Baseball,Toronto Blue Jays,166
George Springer,Baseball,Toronto Blue Jays,166
Alek Manoah,Baseball,Toronto Blue Jays,166
José Berríos,Baseball,Toronto Blue Jays,166
Kevin Gausman,Baseball,Toronto Blue Jays,166
Matt Chapman,Baseball,Toronto Blue Jays,166
Cavan Biggio,Baseball,Toronto Blue Jays,166
Alejandro Kirk,Baseball,Toronto Blue Jays,166
Whit Merrifield,Baseball,Toronto Blue Jays,166
Jordan Romano,Baseball,Toronto Blue Jays,166
Chris Bassitt,Baseball,Toronto Blue Jays,166
Danny Jansen,Baseball,Toronto Blue Jays,166
Santiago Espinal,Baseball,Toronto Blue Jays,166
Daulton Varsho,Baseball,Toronto Blue Jays,166
Cedric Mullins,Baseball,Baltimore Orioles,167
Adley Rutschman,Baseball,Baltimore Orioles,167
Gunnar Henderson,Baseball,Baltimore Orioles,167
Ryan Mountcastle,Baseball,Baltimore Orioles,167
Anthony Santander,Baseball,Baltimore Orioles,167
John Means,Baseball,Baltimore Orioles,167
Tyler Wells,Baseball,Baltimore Orioles,167
Austin Hays,Baseball,Baltimore Orioles,167
Adam Frazier,Baseball,Baltimore Orioles,167
Félix Bautista,Baseball,Baltimore Orioles,167
Jordan Lyles,Baseball,Baltimore Orioles,167
Cionel Pérez,Baseball,Baltimore Orioles,167
Kyle Stowers,Baseball,Baltimore Orioles,167
Ryan McKenna,Baseball,Baltimore Orioles,167
Grayson Rodriguez,Baseball,Baltimore Orioles,167
José Ramírez,Baseball,Cleveland Guardians,168
Shane Bieber,Baseball,Cleveland Guardians,168
Emmanuel Clase,Baseball,Cleveland Guardians,168
Steven Kwan,Baseball,Cleveland Guardians,168
Andrés Giménez,Baseball,Cleveland Guardians,168
Josh Naylor,Baseball,Cleveland Guardians,168
Austin Hedges,Baseball,Cleveland Guardians,168
Amed Rosario,Baseball,Cleveland Guardians,168
Oscar Gonzalez,Baseball,Cleveland Guardians,168
Will Brennan,Baseball,Cleveland Guardians,168
Triston McKenzie,Baseball,Cleveland Guardians,168
Cal Quantrill,Baseball,Cleveland Guardians,168
Aaron Civale,Baseball,Cleveland Guardians,168
Tyler Freeman,Baseball,Cleveland Guardians,168
Gabriel Arias,Baseball,Cleveland Guardians,168
Tim Anderson,Baseball,Chicago White Sox,169
Luis Robert Jr.,Baseball,Chicago White Sox,169
Eloy Jiménez,Baseball,Chicago White Sox,169
Andrew Vaughn,Baseball,Chicago White Sox,169
Yoán Moncada,Baseball,Chicago White Sox,169
Dylan Cease,Baseball,Chicago White Sox,169
Michael Kopech,Baseball,Chicago White Sox,169
Liam Hendriks,Baseball,Chicago White Sox,169
AJ Pollock,Baseball,Chicago White Sox,169
Yasmani Grandal,Baseball,Chicago White Sox,169
Elvis Andrus,Baseball,Chicago White Sox,169
Jake Burger,Baseball,Chicago White Sox,169
Garrett Crochet,Baseball,Chicago White Sox,169
Kendall Graveman,Baseball,Chicago White Sox,169
Andrew Benintendi,Baseball,Chicago White Sox,169
Byron Buxton,Baseball,Minnesota Twins,170
Carlos Correa,Baseball,Minnesota Twins,170
Max Kepler,Baseball,Minnesota Twins,170
Jorge Polanco,Baseball,Minnesota Twins,170
Pablo López,Baseball,Minnesota Twins,170
Sonny Gray,Baseball,Minnesota Twins,170
Tyler Mahle,Baseball,Minnesota Twins,170
Alex Kirilloff,Baseball,Minnesota Twins,170
Ryan Jeffers,Baseball,Minnesota Twins,170
Gio Urshela,Baseball,Minnesota Twins,170
Jhoan Duran,Baseball,Minnesota Twins,170
Griffin Jax,Baseball,Minnesota Twins,170
Joey Gallo,Baseball,Minnesota Twins,170
Christian Vázquez,Baseball,Minnesota Twins,170
Kyle Farmer,Baseball,Minnesota Twins,170
Marcus Semien,Baseball,Texas Rangers,171
Corey Seager,Baseball,Texas Rangers,171
Adolis García,Baseball,Texas Rangers,171
Nathaniel Lowe,Baseball,Texas Rangers,171
Jacob deGrom,Baseball,Texas Rangers,171
Jon Gray,Baseball,Texas Rangers,171
Martin Pérez,Baseball,Texas Rangers,171
Jonah Heim,Baseball,Texas Rangers,171
Robbie Grossman,Baseball,Texas Rangers,171
Leody Taveras,Baseball,Texas Rangers,171
Will Smith,Baseball,Texas Rangers,171
José Leclerc,Baseball,Texas Rangers,171
Ezequiel Duran,Baseball,Texas Rangers,171
Mitch Garver,Baseball,Texas Rangers,171
Andrew Heaney,Baseball,Texas Rangers,171
Yordan Alvarez,Baseball,Houston Astros,172
José Altuve,Baseball,Houston Astros,172
Alex Bregman,Baseball,Houston Astros,172
Kyle Tucker,Baseball,Houston Astros,172
Framber Valdez,Baseball,Houston Astros,172
Justin Verlander,Baseball,Houston Astros,172
Ryan Pressly,Baseball,Houston Astros,172
Chas McCormick,Baseball,Houston Astros,172
Jeremy Peña,Baseball,Houston Astros,172
Yainer Diaz,Baseball,Houston Astros,172
Cristian Javier,Baseball,Houston Astros,172
Rafael Montero,Baseball,Houston Astros,172
Hunter Brown,Baseball,Houston Astros,172
Jose Abreu,Baseball,Houston Astros,172
Mauricio Dubón,Baseball,Houston Astros,172
Mike Trout,Baseball,Los Angeles Angels,173
Shohei Ohtani,Baseball,Los Angeles Angels,173
Anthony Rendon,Baseball,Los Angeles Angels,173
Taylor Ward,Baseball,Los Angeles Angels,173
Hunter Renfroe,Baseball,Los Angeles Angels,173
Patrick Sandoval,Baseball,Los Angeles Angels,173
Reid Detmers,Baseball,Los Angeles Angels,173
Logan O'Hoppe,Baseball,Los Angeles Angels,173
Brandon Drury,Baseball,Los Angeles Angels,173
Gio Urshela,Baseball,Los Angeles Angels,173
Carlos Estévez,Baseball,Los Angeles Angels,173
Matt Moore,Baseball,Los Angeles Angels,173
Mickey Moniak,Baseball,Los Angeles Angels,173
Eduardo Escobar,Baseball,Los Angeles Angels,173
Andrew Wantz,Baseball,Los Angeles Angels,173
Salvador Perez,Baseball,Kansas City Royals,174
Bobby Witt Jr.,Baseball,Kansas City Royals,174
Vinnie Pasquantino,Baseball,Kansas City Royals,174
MJ Melendez,Baseball,Kansas City Royals,174
Hunter Dozier,Baseball,Kansas City Royals,174
Brady Singer,Baseball,Kansas City Royals,174
Jordan Lyles,Baseball,Kansas City Royals,174
Scott Barlow,Baseball,Kansas City Royals,174
Matt Quatraro,Baseball,Kansas City Royals,174
Nick Pratto,Baseball,Kansas City Royals,174
Freddy Fermin,Baseball,Kansas City Royals,174
Aroldis Chapman,Baseball,Kansas City Royals,174
Kyle Isbel,Baseball,Kansas City Royals,174
Drew Waters,Baseball,Kansas City Royals,174
Angel Zerpa,Baseball,Kansas City Royals,174
Julio Rodríguez,Baseball,Seattle Mariners,175
Cal Raleigh,Baseball,Seattle Mariners,175
Eugenio Suárez,Baseball,Seattle Mariners,175
George Kirby,Baseball,Seattle Mariners,175
Logan Gilbert,Baseball,Seattle Mariners,175
Robbie Ray,Baseball,Seattle Mariners,175
Paul Sewald,Baseball,Seattle Mariners,175
Teoscar Hernández,Baseball,Seattle Mariners,175
J.P. Crawford,Baseball,Seattle Mariners,175
Ty France,Baseball,Seattle Mariners,175
Matt Brash,Baseball,Seattle Mariners,175
Diego Castillo,Baseball,Seattle Mariners,175
Jarred Kelenic,Baseball,Seattle Mariners,175
Tom Murphy,Baseball,Seattle Mariners,175
Carlos Santana,Baseball,Seattle Mariners,175
Marcus Semien,Baseball,Oakland Athletics,176
Matt Olson,Baseball,Oakland Athletics,176
Ramon Laureano,Baseball,Oakland Athletics,176
Seth Brown,Baseball,Oakland Athletics,176
Tony Kemp,Baseball,Oakland Athletics,176
Paul Blackburn,Baseball,Oakland Athletics,176
A.J. Puk,Baseball,Oakland Athletics,176
Dany Jiménez,Baseball,Oakland Athletics,176
Shea Langeliers,Baseball,Oakland Athletics,176
Jace Peterson,Baseball,Oakland Athletics,176
Zach Jackson,Baseball,Oakland Athletics,176
Ken Waldichuk,Baseball,Oakland Athletics,176
Brent Rooker,Baseball,Oakland Athletics,176
Esteury Ruiz,Baseball,Oakland Athletics,176
Ryan Noda,Baseball,Oakland Athletics,176
Manny Machado,Baseball,San Diego Padres,156
Juan Soto,Baseball,San Diego Padres,156
Xander Bogaerts,Baseball,San Diego Padres,156
Jake Cronenworth,Baseball,San Diego Padres,156
Yu Darvish,Baseball,San Diego Padres,156
Joe Musgrove,Baseball,San Diego Padres,156
Ha-seong Kim,Baseball,San Diego Padres,156
Novak Djokovic,Tennis,Serbia,177
Carlos Alcaraz,Tennis,Spain,178
Jannik Sinner,Tennis,Italy,179
Daniil Medvedev,Tennis,Russia,180
Alexander Zverev,Tennis,Germany,181
Stefanos Tsitsipas,Tennis,Greece,182
Andrey Rublev,Tennis,Russia,180
Holger Rune,Tennis,Denmark,183
Casper Ruud,Tennis,Norway,184
Taylor Fritz,Tennis,USA,185
Frances Tiafoe,Tennis,USA,185
Matteo Berrettini,Tennis,Italy,179
Felix Auger-Aliassime,Tennis,Canada,186
Hubert Hurkacz,Tennis,Poland,187
Diego Schwartzman,Tennis,Argentina,188
Grigor Dimitrov,Tennis,Bulgaria,189
Pablo Carreño Busta,Tennis,Spain,178
Denis Shapovalov,Tennis,Canada,186
Stan Wawrinka,Tennis,Switzerland,190
Gaël Monfils,Tennis,France,191
Kei Nishikori,Tennis,Japan,192
Nick Kyrgios,Tennis,Australia,193
Marin Čilić,Tennis,Croatia,194
Alex de Minaur,Tennis,Australia,193
John Isner,Tennis,USA,185
Marcel Granollers,Tennis,Spain,178
Tommy Paul,Tennis,USA,185
Feliciano López,Tennis,Spain,178
Jeremy Chardy,Tennis,France,191
Lucas Pouille,Tennis,France,191
Marius Copil,Tennis,Romania,195
Jordan Thompson,Tennis,Australia,193
Francesco Maestrelli,Tennis,Italy,179
Ugo Humbert,Tennis,France,191
Sebastián Korda,Tennis,USA,185
Karen Khachanov,Tennis,Russia,180
Jiri Lehecka,Tennis,Czech Republic,196
Alejandro Davidovich Fokina,Tennis,Spain,178
Lorenzo Musetti,Tennis,Italy,179
Alex Michelsen,Tennis,USA,185
Aleksandar Vukic,Tennis,Australia,193
Alexei Popyrin,Tennis,Australia,193
Ben Shelton,Tennis,USA,185
Arthur Fils,Tennis,France,191
Tomáš Macháč,Tennis,Czech Republic,196
Francisco Cerúndolo,Tennis,Argentina,188
Lorenzo Sonego,Tennis,Italy,179
Daniel Altmaier,Tennis,Germany,181
Iga Świątek,Tennis,Poland,187
Aryna Sabalenka,Tennis,Belarus,197
Elena Rybakina,Tennis,Kazakhstan,198
Ons Jabeur,Tennis,Tunisia,199
Jessica Pegula,Tennis,USA,185
Coco Gauff,Tennis,USA,185
Maria Sakkari,Tennis,Greece,182
Daria Kasatkina,Tennis,Russia,180
Caroline Garcia,Tennis,France,191
Petra Kvitová,Tennis,Czech Republic,196
Beatriz Haddad Maia,Tennis,Brazil,200
Barbora Krejčíková,Tennis,Czech Republic,196
Markéta Vondroušová,Tennis,Czech Republic,196
Belinda Bencic,Tennis,Switzerland,190
Karolína Muchová,Tennis,Czech Republic,196
Paula Badosa,Tennis,Spain,178
Victoria Azarenka,Tennis,Belarus,197
Emma Raducanu,Tennis,Great Britain,201
Madison Keys,Tennis,USA,185
Leylah Fernandez,Tennis,Canada,186
Simona Halep,Tennis,Romania,195
Elina Svitolina,Tennis,Ukraine,202
Jelena Ostapenko,Tennis,Latvia,203
Camila Giorgi,Tennis,Italy,179
Kaia Kanepi,Tennis,Estonia,204
Danielle Collins,Tennis,USA,185
Sloane Stephens,Tennis,USA,185
Bianca Andreescu,Tennis,Canada,186
Donna Vekić,Tennis,Croatia,194
Kirsten Flipkens,Tennis,Belgium,205
Ekaterina Alexandrova,Tennis,Russia,180
Madison Brengle,Tennis,USA,185
Alison Riske,Tennis,USA,185
Marta Kostyuk,Tennis,Ukraine,202
Petra Martić,Tennis,Croatia,194
Marie Bouzková,Tennis,Czech Republic,196
Karolína Plíšková,Tennis,Czech Republic,196
Anett Kontaveit,Tennis,Estonia,204
Alison Van Uytvanck,Tennis,Belgium,205
Anna Blinkova,Tennis,Russia,180
Zheng Qinwen,Tennis,China,206
Veronika Kudermetova,Tennis,Russia,180
Sofia Kenin,Tennis,USA,185
Naomi Osaka,Tennis,Japan,192
Harriet Dart,Tennis,Great Britain,201
Anna Kalinskaya,Tennis,Russia,180
Magda Linette,Tennis,Poland,187
Tamara Zidanšek,Tennis,Slovenia,207
Jasmine Paolini,Tennis,Italy,179
Kaja Juvan,Tennis,Slovenia,207
Brandon Nakashima,Tennis,USA,185
Sebastián Báez,Tennis,Argentina,188
Tallon Griekspoor,Tennis,Netherlands,208
Alexander Bublik,Tennis,Kazakhstan,198
Miomir Kecmanović,Tennis,Serbia,177
Pedro Martínez,Tennis,Spain,178
Kwon Soon-woo,Tennis,South Korea,209
Corentin Moutet,Tennis,France,191
John Millman,Tennis,Australia,193
Cristian Garín,Tennis,Chile,210
Alejandro Tabilo,Tennis,Chile,210
Mackenzie McDonald,Tennis,USA,185
Marco Cecchinato,Tennis,Italy,179
Marco Trungelliti,Tennis,Argentina,188
Nikola Milojević,Tennis,Serbia,177
Norbert Gombos,Tennis,Slovakia,211
Dušan Lajović,Tennis,Serbia,177
Steve Johnson,Tennis,USA,185
Albert Ramos Viñolas,Tennis,Spain,178
Adrian Mannarino,Tennis,France,191
Hugo Gaston,Tennis,France,191
Enzo Couacaud,Tennis,France,191
Nicolás Jarry,Tennis,Chile,210
Ricardo Ojeda Lara,Tennis,Spain,178
Pablo Cuevas,Tennis,Uruguay,212
Yoshihito Nishioka,Tennis,Japan,192
Egor Gerasimov,Tennis,Belarus,197
Denis Kudla,Tennis,USA,185
Daniel Elahi Galán,Tennis,Colombia,213
Taro Daniel,Tennis,Japan,192
Mikael Ymer,Tennis,Sweden,214
Roberto Carballés Baena,Tennis,Spain,178
Dennis Novak,Tennis,Austria,215
Laslo Djere,Tennis,Serbia,177
Jan‑Lennard Struff,Tennis,Germany,181
Thiago Monteiro,Tennis,Brazil,200
Federico Delbonis,Tennis,Argentina,188
Marcos Giron,Tennis,USA,185
Dan Evans,Tennis,Great Britain,201
James Duckworth,Tennis,Australia,193
Alex Bolt,Tennis,Australia,193
Roman Safiullin,Tennis,Russia,180
Matteo Arnaldi,Tennis,Italy,179
Oscar Otte,Tennis,Germany,181
Arthur Rinderknech,Tennis,France,191
Facundo Díaz Acosta,Tennis,Argentina,188
Sebastian Ofner,Tennis,Austria,215
Jan Choinski,Tennis,Great Britain,201
Stefano Napolitano,Tennis,Italy,179
Gianluca Mager,Tennis,Italy,179
Zhang Shuai,Tennis,China,206
Shelby Rogers,Tennis,USA,185
Katie Boulter,Tennis,Great Britain,201
Nina Stojanović,Tennis,Serbia,177
Sorana Cîrstea,Tennis,Romania,195
Daria Saville,Tennis,Australia,193
Heather Watson,Tennis,Great Britain,201
Varvara Gracheva,Tennis,Russia,180
Magdalena Fręch,Tennis,Poland,187
Bernarda Pera,Tennis,USA,185
Ajla Tomljanović,Tennis,Australia,193
Amanda Anisimova,Tennis,USA,185
Rebecca Peterson,Tennis,Sweden,214
Caroline Dolehide,Tennis,USA,185
Irina‑Camelia Begu,Tennis,Romania,195
Yulia Putintseva,Tennis,Kazakhstan,198
Camila Osorio,Tennis,Colombia,213
Arantxa Rus,Tennis,Netherlands,208
Viktorija Golubic,Tennis,Switzerland,190
Elisabetta Cocciaretto,Tennis,Italy,179
Tamara Korpatsch,Tennis,Germany,181
Wang Xinyu,Tennis,China,206
Katie Swan,Tennis,Great Britain,201
Panna Udvardy,Tennis,Hungary,217
Lucia Bronzetti,Tennis,Italy,179
Wang Yafan,Tennis,China,206
Eugenie Bouchard,Tennis,Canada,186
Zhu Lin,Tennis,China,206
Linda Nosková,Tennis,Czech Republic,196
Rebeka Masarova,Tennis,Spain,178
Elise Mertens,Tennis,Belgium,205
Clara Tauson,Tennis,Denmark,183
Harmony Tan,Tennis,France,191
Marina Bassols Ribera,Tennis,Spain,178
Caroline Zhao,Tennis,Canada,186
Tereza Martincová,Tennis,Czech Republic,196
Patricia Maria Țig,Tennis,Romania,195
Jaqueline Cristian,Tennis,Romania,195
Kamilla Rakhimova,Tennis,Russia,180
Clara Burel,Tennis,France,191
Olivia Gadecki,Tennis,Australia,193
Katherine Sebov,Tennis,Canada,186
Maryna Zanevska,Tennis,Belgium,205
Lara Arruabarrena,Tennis,Spain,178
Anna Karolína Schmiedlová,Tennis,Slovakia,211
Varvara Lepchenko,Tennis,USA,185
Julia Grabher,Tennis,Austria,215
Lesia Tsurenko,Tennis,Ukraine,202
Olga Danilović,Tennis,Serbia,177
Fiona Ferro,Tennis,France,191
Oliver Crawford,Tennis,Great Britain,201
